"colony_id","Pmax","alpha","Rd","Ik"
"1",0.680550179836767,0.00481901733228752,0.197902493488843,141.221774671169
"11",0.873721181034372,0.00482177217407949,0.322631412541569,181.203331366682
"12",0.857366466528097,0.00522958797875375,0.29165518552241,163.945318447901
"13",0.940745233389559,0.0035653804614496,0.349301611082404,263.855496926988
"2",0.388013502315451,0.0032823609761733,0.137404628434433,118.211709538362
"3",0.445268834499421,0.00299152350984042,0.141935686297579,148.84350165885
